<?xml version="1.0" encoding="UTF-8"?>
<!DOCTYPE mapper PUBLIC "-//mybatis.org//DTD Mapper 3.0//EN"
"http://mybatis.org/dtd/mybatis-3-mapper.dtd">
<mapper namespace="com.fish.myapp.persistence.BoardService_Mapper">

<select id="boardSelectAll" resultType="bv">
select * from TEAM_BOARD where delYN='N' order by bidx desc
</select>

<select id="boardSelectOne" parameterType="Integer" resultType="bv">
select * from team_board where delYN='N' and bidx = #{bidx}
</select>

<insert id="boardInsert" parameterType="HashMap">
insert into team_board(bidx,title,content,writer,pwd)
values(bidx_seq.nextval,#{title},#{content},#{writer},#{pwd})
</insert> 

<update id="boardModify" parameterType="HashMap">
update team_board set title=#{title}, content=#{content},writer=#{writer}, pwd = #{pwd} where bidx=#{bidx} 
</update>

<update id="boardDelete" parameterType="HashMap">
update team_board set delyn='Y',writeday=sysdate  where bidx=#{bidx} 
</update>

<select id="boardTopList"  resultType="bv">
select * from team_board_food order by rating desc
</select>
 
</mapper>