<?xml version="1.0" encoding="UTF-8"?>
<!DOCTYPE mapper PUBLIC "-//mybatis.org//DTD Mapper 3.0//EN"
"http://mybatis.org/dtd/mybatis-3-mapper.dtd">
<mapper namespace="com.fish.myapp.persistence.MemberService_Mapper">

<insert id="memberJoin" parameterType="HashMap">
insert into team_member(midx, memberid, memberpwd, name, gender, phone)
values(midx_seq.nextval,#{id},#{password},#{name},#{gender},#{phone})
</insert> 

<select id="memberLogin" parameterType="String" resultType="mv">
select * from team_member where memberid = #{0} and memberpwd=#{1} and delYn='N'
</select>

<select id="memberCheckId" parameterType="String" resultType="mv">
select * from team_member where memberid = #{0} and memberpwd=#{1} and delYn='N'
</select>

<update id="memberModify" parameterType="HashMap">
update team_member set Id=#{Id}, password=#{password},name=#{name},birth=#{birth},gender=#{gender},email=#{email},phone=#{phone},age=#{age},address=#{address} where midx=#{midx} 
</update>

<update id="memberDelete" parameterType="HashMap">
update team_member set delyn='Y' where midx=#{midx} 
</update>

</mapper>